{
    "ds1": {
        "best_model": "KMeans",
        "params": {
            "n_clusters": 2
        },
        "metrics": {
            "k": 2.0,
            "silhouette": 0.5185159566612942,
            "davies_bouldin": 0.6853295219054459,
            "calinski_harabasz": 11786.95462267153
        }
    },
    "ds2": {
        "best_model": "KMeans",
        "params": {
            "n_clusters": 2
        },
        "metrics": {
            "k": 2,
            "silhouette": 0.3068610017701601,
            "davies_bouldin": 1.3234721699867644,
            "calinski_harabasz": 3573.3933329348392
        }
    },
    "ds4": {
        "best_model": "Agglomerative",
        "params": {
            "n_clusters": 5,
            "linkage": "ward"
        },
        "metrics": {
            "k": 5,
            "linkage": "ward",
            "silhouette": 0.44450333491002514,
            "davies_bouldin": 0.975904265483746,
            "calinski_harabasz": 5087.688517434967
        }
    }
}